<?xml version="1.0" encoding="UTF-8"?>
<QCARConfig xmlns:xsi="http://www.w3.org/2001/XMLSchema-instance" xsi:noNamespaceSchemaLocation="qcar_config.xsd">
  <Tracking>
    <ImageTarget name="B" size="5.000000 5.000000" />
    <ImageTarget name="B3" size="5.000000 5.000000" />
    <ImageTarget name="B4" size="5.000000 5.000000" />
    <ImageTarget name="B2" size="5.000000 5.000000" />
    <ImageTarget name="R" size="5.000000 5.000000" />
    <ImageTarget name="R2" size="5.000000 5.000000" />
    <ImageTarget name="R3" size="5.000000 5.000000" />
    <ImageTarget name="R4" size="5.000000 5.000000" />
    <ImageTarget name="L" size="5.000000 5.000000" />
    <ImageTarget name="L2" size="5.000000 5.000000" />
    <ImageTarget name="L3" size="5.000000 5.000000" />
    <ImageTarget name="L4" size="5.000000 5.000000" />
    <ImageTarget name="W" size="5.000000 5.000000" />
    <ImageTarget name="W2" size="5.000000 5.000000" />
    <ImageTarget name="W3" size="5.000000 5.000000" />
    <ImageTarget name="W4" size="5.000000 5.000000" />
    <ImageTarget name="W5" size="5.000000 5.000000" />
    <ImageTarget name="W6" size="5.000000 5.000000" />
    <ImageTarget name="W7" size="5.000000 5.000000" />
    <ImageTarget name="W8" size="5.000000 5.000000" />
    <ImageTarget name="W9" size="5.000000 5.000000" />
    <ImageTarget name="W10" size="5.000000 5.000000" />
    <ImageTarget name="W11" size="5.000000 5.000000" />
    <ImageTarget name="W12" size="5.000000 5.000000" />
    <ImageTarget name="W13" size="5.000000 5.000000" />
    <ImageTarget name="W14" size="5.000000 5.000000" />
    <ImageTarget name="T_UR" size="5.000000 5.000000" />
    <ImageTarget name="T_UR2" size="5.000000 5.000000" />
    <ImageTarget name="T_LR" size="5.000000 5.000000" />
    <ImageTarget name="T_LR2" size="5.000000 5.000000" />
    <ImageTarget name="T_LL" size="5.000000 5.000000" />
    <ImageTarget name="T_LL2" size="5.000000 5.000000" />
    <ImageTarget name="T_UL" size="5.000000 5.000000" />
    <ImageTarget name="T_UL2" size="5.000000 5.000000" />
    <ImageTarget name="W15" size="5.000000 5.000000" />
  </Tracking>
</QCARConfig>
